filename,label
positive/0.jpg,1
negative/0.jpg,0
positive/1.jpg,1
negative/1.jpg,0
positive/2.jpg,1
negative/2.jpg,0
positive/3.jpg,1
negative/3.jpg,0
positive/4.jpg,1
negative/4.jpg,0
positive/5.jpg,1
negative/5.jpg,0
positive/6.jpg,1
negative/6.jpg,0
positive/7.jpg,1
negative/7.jpg,0
positive/8.jpg,1
negative/8.jpg,0
positive/9.jpg,1
negative/9.jpg,0
positive/10.jpg,1
negative/10.jpg,0
positive/11.jpg,1
negative/11.jpg,0
positive/12.jpg,1
negative/12.jpg,0
positive/13.jpg,1
negative/13.jpg,0
positive/14.jpg,1
negative/14.jpg,0
positive/15.jpg,1
negative/15.jpg,0
positive/16.jpg,1
negative/16.jpg,0
positive/17.jpg,1
negative/17.jpg,0
positive/18.jpg,1
negative/18.jpg,0
positive/19.jpg,1
negative/19.jpg,0
positive/20.jpg,1
negative/20.jpg,0
positive/21.jpg,1
negative/21.jpg,0
positive/22.jpg,1
negative/22.jpg,0
positive/23.jpg,1
negative/23.jpg,0
positive/24.jpg,1
negative/24.jpg,0
positive/25.jpg,1
negative/25.jpg,0
positive/26.jpg,1
negative/26.jpg,0
positive/27.jpg,1
negative/27.jpg,0
positive/28.jpg,1
negative/28.jpg,0
positive/29.jpg,1
negative/29.jpg,0
positive/30.jpg,1
negative/30.jpg,0
positive/31.jpg,1
negative/31.jpg,0
positive/32.jpg,1
negative/32.jpg,0
positive/33.jpg,1
negative/33.jpg,0
positive/34.jpg,1
negative/34.jpg,0
positive/35.jpg,1
negative/35.jpg,0
positive/36.jpg,1
negative/36.jpg,0
positive/37.jpg,1
negative/37.jpg,0
positive/38.jpg,1
negative/38.jpg,0
positive/39.jpg,1
negative/39.jpg,0
positive/40.jpg,1
negative/40.jpg,0
positive/41.jpg,1
negative/41.jpg,0
positive/42.jpg,1
negative/42.jpg,0
positive/43.jpg,1
negative/43.jpg,0
positive/44.jpg,1
negative/44.jpg,0
positive/45.jpg,1
negative/45.jpg,0
positive/46.jpg,1
negative/46.jpg,0
positive/47.jpg,1
negative/47.jpg,0
positive/48.jpg,1
negative/48.jpg,0
positive/49.jpg,1
negative/49.jpg,0
positive/50.jpg,1
negative/50.jpg,0
positive/51.jpg,1
negative/51.jpg,0
positive/52.jpg,1
negative/52.jpg,0
positive/53.jpg,1
negative/53.jpg,0
positive/54.jpg,1
negative/54.jpg,0
positive/55.jpg,1
negative/55.jpg,0
positive/56.jpg,1
negative/56.jpg,0
positive/57.jpg,1
negative/57.jpg,0
positive/58.jpg,1
negative/58.jpg,0
positive/59.jpg,1
negative/59.jpg,0
positive/60.jpg,1
negative/60.jpg,0
positive/61.jpg,1
negative/61.jpg,0
positive/62.jpg,1
negative/62.jpg,0
positive/63.jpg,1
negative/63.jpg,0
positive/64.jpg,1
negative/64.jpg,0
positive/65.jpg,1
negative/65.jpg,0
positive/66.jpg,1
negative/66.jpg,0
positive/67.jpg,1
negative/67.jpg,0
positive/68.jpg,1
negative/68.jpg,0
positive/69.jpg,1
negative/69.jpg,0
positive/70.jpg,1
negative/70.jpg,0
positive/71.jpg,1
negative/71.jpg,0
positive/72.jpg,1
negative/72.jpg,0
positive/73.jpg,1
negative/73.jpg,0
positive/74.jpg,1
negative/74.jpg,0
positive/75.jpg,1
negative/75.jpg,0
positive/76.jpg,1
negative/76.jpg,0
positive/77.jpg,1
negative/77.jpg,0
positive/78.jpg,1
negative/78.jpg,0
positive/79.jpg,1
negative/79.jpg,0
positive/80.jpg,1
negative/80.jpg,0
positive/81.jpg,1
negative/81.jpg,0
positive/82.jpg,1
negative/82.jpg,0
positive/83.jpg,1
negative/83.jpg,0
positive/84.jpg,1
negative/84.jpg,0
positive/85.jpg,1
negative/85.jpg,0
positive/86.jpg,1
negative/86.jpg,0
positive/87.jpg,1
negative/87.jpg,0
positive/88.jpg,1
negative/88.jpg,0
positive/89.jpg,1
negative/89.jpg,0
positive/90.jpg,1
negative/90.jpg,0
positive/91.jpg,1
negative/91.jpg,0
positive/92.jpg,1
negative/92.jpg,0
positive/93.jpg,1
negative/93.jpg,0
positive/94.jpg,1
negative/94.jpg,0
positive/95.jpg,1
negative/95.jpg,0
positive/96.jpg,1
negative/96.jpg,0
positive/97.jpg,1
negative/97.jpg,0
positive/98.jpg,1
negative/98.jpg,0
positive/99.jpg,1
negative/99.jpg,0
positive/100.jpg,1
negative/100.jpg,0
positive/101.jpg,1
negative/101.jpg,0
positive/102.jpg,1
negative/102.jpg,0
positive/103.jpg,1
negative/103.jpg,0
positive/104.jpg,1
negative/104.jpg,0
positive/105.jpg,1
negative/105.jpg,0
positive/106.jpg,1
negative/106.jpg,0
positive/107.jpg,1
negative/107.jpg,0
positive/108.jpg,1
negative/108.jpg,0
positive/109.jpg,1
negative/109.jpg,0
positive/110.jpg,1
negative/110.jpg,0
positive/111.jpg,1
negative/111.jpg,0
positive/112.jpg,1
negative/112.jpg,0
positive/113.jpg,1
negative/113.jpg,0
positive/114.jpg,1
negative/114.jpg,0
positive/115.jpg,1
negative/115.jpg,0
positive/116.jpg,1
negative/116.jpg,0
positive/117.jpg,1
negative/117.jpg,0
positive/118.jpg,1
negative/118.jpg,0
positive/119.jpg,1
negative/119.jpg,0
positive/120.jpg,1
negative/120.jpg,0
positive/121.jpg,1
negative/121.jpg,0
positive/122.jpg,1
negative/122.jpg,0
positive/123.jpg,1
negative/123.jpg,0
positive/124.jpg,1
negative/124.jpg,0
positive/125.jpg,1
negative/125.jpg,0
positive/126.jpg,1
negative/126.jpg,0
positive/127.jpg,1
negative/127.jpg,0
positive/128.jpg,1
negative/128.jpg,0
positive/129.jpg,1
negative/129.jpg,0
positive/130.jpg,1
negative/130.jpg,0
positive/131.jpg,1
negative/131.jpg,0
positive/132.jpg,1
negative/132.jpg,0
positive/133.jpg,1
negative/133.jpg,0
positive/134.jpg,1
negative/134.jpg,0
positive/135.jpg,1
negative/135.jpg,0
positive/136.jpg,1
negative/136.jpg,0
positive/137.jpg,1
negative/137.jpg,0
positive/138.jpg,1
negative/138.jpg,0
positive/139.jpg,1
negative/139.jpg,0
positive/140.jpg,1
negative/140.jpg,0
positive/141.jpg,1
negative/141.jpg,0
positive/142.jpg,1
negative/142.jpg,0
positive/143.jpg,1
negative/143.jpg,0
positive/144.jpg,1
negative/144.jpg,0
positive/145.jpg,1
negative/145.jpg,0
positive/146.jpg,1
negative/146.jpg,0
positive/147.jpg,1
negative/147.jpg,0
positive/148.jpg,1
negative/148.jpg,0
positive/149.jpg,1
negative/149.jpg,0
positive/150.jpg,1
negative/150.jpg,0
positive/151.jpg,1
negative/151.jpg,0
positive/152.jpg,1
negative/152.jpg,0
positive/153.jpg,1
negative/153.jpg,0
positive/154.jpg,1
negative/154.jpg,0
positive/155.jpg,1
negative/155.jpg,0
positive/156.jpg,1
negative/156.jpg,0
positive/157.jpg,1
negative/157.jpg,0
positive/158.jpg,1
negative/158.jpg,0
positive/159.jpg,1
negative/159.jpg,0
positive/160.jpg,1
negative/160.jpg,0
positive/161.jpg,1
negative/161.jpg,0
positive/162.jpg,1
negative/162.jpg,0
positive/163.jpg,1
negative/163.jpg,0
positive/164.jpg,1
negative/164.jpg,0
positive/165.jpg,1
negative/165.jpg,0
positive/166.jpg,1
negative/166.jpg,0
positive/167.jpg,1
negative/167.jpg,0
positive/168.jpg,1
negative/168.jpg,0
positive/169.jpg,1
negative/169.jpg,0
positive/170.jpg,1
negative/170.jpg,0
positive/171.jpg,1
negative/171.jpg,0
positive/172.jpg,1
negative/172.jpg,0
positive/173.jpg,1
negative/173.jpg,0
positive/174.jpg,1
negative/174.jpg,0
positive/175.jpg,1
negative/175.jpg,0
positive/176.jpg,1
negative/176.jpg,0
positive/177.jpg,1
negative/177.jpg,0
positive/178.jpg,1
negative/178.jpg,0
positive/179.jpg,1
negative/179.jpg,0
positive/180.jpg,1
negative/180.jpg,0
positive/181.jpg,1
negative/181.jpg,0
positive/182.jpg,1
negative/182.jpg,0
positive/183.jpg,1
negative/183.jpg,0
positive/184.jpg,1
negative/184.jpg,0
positive/185.jpg,1
negative/185.jpg,0
positive/186.jpg,1
negative/186.jpg,0
positive/187.jpg,1
negative/187.jpg,0
positive/188.jpg,1
negative/188.jpg,0
positive/189.jpg,1
negative/189.jpg,0
positive/190.jpg,1
negative/190.jpg,0
positive/191.jpg,1
negative/191.jpg,0
positive/192.jpg,1
negative/192.jpg,0
positive/193.jpg,1
negative/193.jpg,0
positive/194.jpg,1
negative/194.jpg,0
positive/195.jpg,1
negative/195.jpg,0
positive/196.jpg,1
negative/196.jpg,0
positive/197.jpg,1
negative/197.jpg,0
positive/198.jpg,1
negative/198.jpg,0
positive/199.jpg,1
negative/199.jpg,0
positive/200.jpg,1
negative/200.jpg,0
positive/201.jpg,1
negative/201.jpg,0
positive/202.jpg,1
negative/202.jpg,0
positive/203.jpg,1
negative/203.jpg,0
positive/204.jpg,1
negative/204.jpg,0
positive/205.jpg,1
negative/205.jpg,0
positive/206.jpg,1
negative/206.jpg,0
positive/207.jpg,1
negative/207.jpg,0
positive/208.jpg,1
negative/208.jpg,0
positive/209.jpg,1
negative/209.jpg,0
positive/210.jpg,1
negative/210.jpg,0
positive/211.jpg,1
negative/211.jpg,0
positive/212.jpg,1
negative/212.jpg,0
positive/213.jpg,1
negative/213.jpg,0
positive/214.jpg,1
negative/214.jpg,0
positive/215.jpg,1
negative/215.jpg,0
positive/216.jpg,1
negative/216.jpg,0
positive/217.jpg,1
negative/217.jpg,0
positive/218.jpg,1
negative/218.jpg,0
positive/219.jpg,1
negative/219.jpg,0
positive/220.jpg,1
negative/220.jpg,0
positive/221.jpg,1
negative/221.jpg,0
positive/222.jpg,1
negative/222.jpg,0
positive/223.jpg,1
negative/223.jpg,0
positive/224.jpg,1
negative/224.jpg,0
positive/225.jpg,1
negative/225.jpg,0
positive/226.jpg,1
negative/226.jpg,0
positive/227.jpg,1
negative/227.jpg,0
positive/228.jpg,1
negative/228.jpg,0
positive/229.jpg,1
negative/229.jpg,0
positive/230.jpg,1
negative/230.jpg,0
positive/231.jpg,1
negative/231.jpg,0
positive/232.jpg,1
negative/232.jpg,0
positive/233.jpg,1
negative/233.jpg,0
positive/234.jpg,1
negative/234.jpg,0
positive/235.jpg,1
negative/235.jpg,0
positive/236.jpg,1
negative/236.jpg,0
positive/237.jpg,1
negative/237.jpg,0
positive/238.jpg,1
negative/238.jpg,0
positive/239.jpg,1
negative/239.jpg,0
positive/240.jpg,1
negative/240.jpg,0
positive/241.jpg,1
negative/241.jpg,0
positive/242.jpg,1
negative/242.jpg,0
positive/243.jpg,1
negative/243.jpg,0
positive/244.jpg,1
negative/244.jpg,0
positive/245.jpg,1
negative/245.jpg,0
positive/246.jpg,1
negative/246.jpg,0
positive/247.jpg,1
negative/247.jpg,0
positive/248.jpg,1
negative/248.jpg,0
positive/249.jpg,1
negative/249.jpg,0
positive/250.jpg,1
negative/250.jpg,0
positive/251.jpg,1
negative/251.jpg,0
positive/252.jpg,1
negative/252.jpg,0
positive/253.jpg,1
negative/253.jpg,0
positive/254.jpg,1
negative/254.jpg,0
positive/255.jpg,1
negative/255.jpg,0
positive/256.jpg,1
negative/256.jpg,0
positive/257.jpg,1
negative/257.jpg,0
positive/258.jpg,1
negative/258.jpg,0
positive/259.jpg,1
negative/259.jpg,0
positive/260.jpg,1
negative/260.jpg,0
positive/261.jpg,1
negative/261.jpg,0
positive/262.jpg,1
negative/262.jpg,0
positive/263.jpg,1
negative/263.jpg,0
positive/264.jpg,1
negative/264.jpg,0
positive/265.jpg,1
negative/265.jpg,0
positive/266.jpg,1
negative/266.jpg,0
positive/267.jpg,1
negative/267.jpg,0
positive/268.jpg,1
negative/268.jpg,0
positive/269.jpg,1
negative/269.jpg,0
positive/270.jpg,1
negative/270.jpg,0
positive/271.jpg,1
negative/271.jpg,0
positive/272.jpg,1
negative/272.jpg,0
positive/273.jpg,1
negative/273.jpg,0
positive/274.jpg,1
negative/274.jpg,0
positive/275.jpg,1
negative/275.jpg,0
positive/276.jpg,1
negative/276.jpg,0
positive/277.jpg,1
negative/277.jpg,0
positive/278.jpg,1
negative/278.jpg,0
positive/279.jpg,1
negative/279.jpg,0
positive/280.jpg,1
negative/280.jpg,0
positive/281.jpg,1
negative/281.jpg,0
positive/282.jpg,1
negative/282.jpg,0
positive/283.jpg,1
negative/283.jpg,0
positive/284.jpg,1
negative/284.jpg,0
positive/285.jpg,1
negative/285.jpg,0
positive/286.jpg,1
negative/286.jpg,0
positive/287.jpg,1
negative/287.jpg,0
positive/288.jpg,1
negative/288.jpg,0
positive/289.jpg,1
negative/289.jpg,0
positive/290.jpg,1
negative/290.jpg,0
positive/291.jpg,1
negative/291.jpg,0
positive/292.jpg,1
negative/292.jpg,0
positive/293.jpg,1
negative/293.jpg,0
positive/294.jpg,1
negative/294.jpg,0
positive/295.jpg,1
negative/295.jpg,0
positive/296.jpg,1
negative/296.jpg,0
positive/297.jpg,1
negative/297.jpg,0
positive/298.jpg,1
negative/298.jpg,0
positive/299.jpg,1
negative/299.jpg,0
positive/300.jpg,1
negative/300.jpg,0
positive/301.jpg,1
negative/301.jpg,0
positive/302.jpg,1
negative/302.jpg,0
positive/303.jpg,1
negative/303.jpg,0
positive/304.jpg,1
negative/304.jpg,0
positive/305.jpg,1
negative/305.jpg,0
positive/306.jpg,1
negative/306.jpg,0
positive/307.jpg,1
negative/307.jpg,0
positive/308.jpg,1
negative/308.jpg,0
positive/309.jpg,1
negative/309.jpg,0
positive/310.jpg,1
negative/310.jpg,0
positive/311.jpg,1
negative/311.jpg,0
positive/312.jpg,1
negative/312.jpg,0
positive/313.jpg,1
negative/313.jpg,0
positive/314.jpg,1
negative/314.jpg,0
positive/315.jpg,1
negative/315.jpg,0
positive/316.jpg,1
negative/316.jpg,0
positive/317.jpg,1
negative/317.jpg,0
positive/318.jpg,1
negative/318.jpg,0
positive/319.jpg,1
negative/319.jpg,0
positive/320.jpg,1
negative/320.jpg,0
positive/321.jpg,1
negative/321.jpg,0
positive/322.jpg,1
negative/322.jpg,0
positive/323.jpg,1
negative/323.jpg,0
positive/324.jpg,1
negative/324.jpg,0
positive/325.jpg,1
negative/325.jpg,0
positive/326.jpg,1
negative/326.jpg,0
positive/327.jpg,1
negative/327.jpg,0
positive/328.jpg,1
negative/328.jpg,0
positive/329.jpg,1
negative/329.jpg,0
positive/330.jpg,1
negative/330.jpg,0
positive/331.jpg,1
negative/331.jpg,0
positive/332.jpg,1
negative/332.jpg,0
positive/333.jpg,1
negative/333.jpg,0
positive/334.jpg,1
negative/334.jpg,0
positive/335.jpg,1
negative/335.jpg,0
positive/336.jpg,1
negative/336.jpg,0
positive/337.jpg,1
negative/337.jpg,0
positive/338.jpg,1
negative/338.jpg,0
positive/339.jpg,1
negative/339.jpg,0
positive/340.jpg,1
negative/340.jpg,0
positive/341.jpg,1
negative/341.jpg,0
positive/342.jpg,1
negative/342.jpg,0
positive/343.jpg,1
negative/343.jpg,0
positive/344.jpg,1
negative/344.jpg,0
positive/345.jpg,1
negative/345.jpg,0
positive/346.jpg,1
negative/346.jpg,0
positive/347.jpg,1
negative/347.jpg,0
positive/348.jpg,1
negative/348.jpg,0
positive/349.jpg,1
negative/349.jpg,0
positive/350.jpg,1
negative/350.jpg,0
positive/351.jpg,1
negative/351.jpg,0
positive/352.jpg,1
negative/352.jpg,0
positive/353.jpg,1
negative/353.jpg,0
positive/354.jpg,1
negative/354.jpg,0
positive/355.jpg,1
negative/355.jpg,0
positive/356.jpg,1
negative/356.jpg,0
positive/357.jpg,1
negative/357.jpg,0
positive/358.jpg,1
negative/358.jpg,0
positive/359.jpg,1
negative/359.jpg,0
positive/360.jpg,1
negative/360.jpg,0
positive/361.jpg,1
negative/361.jpg,0
positive/362.jpg,1
negative/362.jpg,0
positive/363.jpg,1
negative/363.jpg,0
positive/364.jpg,1
negative/364.jpg,0
positive/365.jpg,1
negative/365.jpg,0
positive/366.jpg,1
negative/366.jpg,0
positive/367.jpg,1
negative/367.jpg,0
positive/368.jpg,1
negative/368.jpg,0
positive/369.jpg,1
negative/369.jpg,0
positive/370.jpg,1
negative/370.jpg,0
positive/371.jpg,1
negative/371.jpg,0
positive/372.jpg,1
negative/372.jpg,0
positive/373.jpg,1
negative/373.jpg,0
positive/374.jpg,1
negative/374.jpg,0
positive/375.jpg,1
negative/375.jpg,0
positive/376.jpg,1
negative/376.jpg,0
positive/377.jpg,1
negative/377.jpg,0
positive/378.jpg,1
negative/378.jpg,0
positive/379.jpg,1
negative/379.jpg,0
positive/380.jpg,1
negative/380.jpg,0
positive/381.jpg,1
negative/381.jpg,0
positive/382.jpg,1
negative/382.jpg,0
positive/383.jpg,1
negative/383.jpg,0
positive/384.jpg,1
negative/384.jpg,0
positive/385.jpg,1
negative/385.jpg,0
positive/386.jpg,1
negative/386.jpg,0
positive/387.jpg,1
negative/387.jpg,0
positive/388.jpg,1
negative/388.jpg,0
positive/389.jpg,1
negative/389.jpg,0
positive/390.jpg,1
negative/390.jpg,0
positive/391.jpg,1
negative/391.jpg,0
positive/392.jpg,1
negative/392.jpg,0
positive/393.jpg,1
negative/393.jpg,0
positive/394.jpg,1
negative/394.jpg,0
positive/395.jpg,1
negative/395.jpg,0
positive/396.jpg,1
negative/396.jpg,0
positive/397.jpg,1
negative/397.jpg,0
positive/398.jpg,1
negative/398.jpg,0
positive/399.jpg,1
negative/399.jpg,0
positive/400.jpg,1
negative/400.jpg,0
positive/401.jpg,1
negative/401.jpg,0
positive/402.jpg,1
negative/402.jpg,0
positive/403.jpg,1
negative/403.jpg,0
positive/404.jpg,1
negative/404.jpg,0
positive/405.jpg,1
negative/405.jpg,0
positive/406.jpg,1
negative/406.jpg,0
positive/407.jpg,1
negative/407.jpg,0
positive/408.jpg,1
negative/408.jpg,0
positive/409.jpg,1
negative/409.jpg,0
positive/410.jpg,1
negative/410.jpg,0
positive/411.jpg,1
negative/411.jpg,0
positive/412.jpg,1
negative/412.jpg,0
positive/413.jpg,1
negative/413.jpg,0
positive/414.jpg,1
negative/414.jpg,0
positive/415.jpg,1
negative/415.jpg,0
positive/416.jpg,1
negative/416.jpg,0
positive/417.jpg,1
negative/417.jpg,0
positive/418.jpg,1
negative/418.jpg,0
positive/419.jpg,1
negative/419.jpg,0
positive/420.jpg,1
negative/420.jpg,0
positive/421.jpg,1
negative/421.jpg,0
positive/422.jpg,1
negative/422.jpg,0
positive/423.jpg,1
negative/423.jpg,0
positive/424.jpg,1
negative/424.jpg,0
positive/425.jpg,1
negative/425.jpg,0
positive/426.jpg,1
negative/426.jpg,0
positive/427.jpg,1
negative/427.jpg,0
positive/428.jpg,1
negative/428.jpg,0
positive/429.jpg,1
negative/429.jpg,0
positive/430.jpg,1
negative/430.jpg,0
positive/431.jpg,1
negative/431.jpg,0
positive/432.jpg,1
negative/432.jpg,0
positive/433.jpg,1
negative/433.jpg,0
positive/434.jpg,1
negative/434.jpg,0
positive/435.jpg,1
negative/435.jpg,0
positive/436.jpg,1
negative/436.jpg,0
positive/437.jpg,1
negative/437.jpg,0
positive/438.jpg,1
negative/438.jpg,0
positive/439.jpg,1
negative/439.jpg,0
positive/440.jpg,1
negative/440.jpg,0
positive/441.jpg,1
negative/441.jpg,0
positive/442.jpg,1
negative/442.jpg,0
positive/443.jpg,1
negative/443.jpg,0
positive/444.jpg,1
negative/444.jpg,0
positive/445.jpg,1
negative/445.jpg,0
positive/446.jpg,1
negative/446.jpg,0
positive/447.jpg,1
negative/447.jpg,0
positive/448.jpg,1
negative/448.jpg,0
positive/449.jpg,1
negative/449.jpg,0
positive/450.jpg,1
negative/450.jpg,0
positive/451.jpg,1
negative/451.jpg,0
positive/452.jpg,1
negative/452.jpg,0
positive/453.jpg,1
negative/453.jpg,0
positive/454.jpg,1
negative/454.jpg,0
positive/455.jpg,1
negative/455.jpg,0
positive/456.jpg,1
negative/456.jpg,0
positive/457.jpg,1
negative/457.jpg,0
positive/458.jpg,1
negative/458.jpg,0
positive/459.jpg,1
negative/459.jpg,0
positive/460.jpg,1
negative/460.jpg,0
positive/461.jpg,1
negative/461.jpg,0
positive/462.jpg,1
negative/462.jpg,0
positive/463.jpg,1
negative/463.jpg,0
positive/464.jpg,1
negative/464.jpg,0
positive/465.jpg,1
negative/465.jpg,0
positive/466.jpg,1
negative/466.jpg,0
positive/467.jpg,1
negative/467.jpg,0
positive/468.jpg,1
negative/468.jpg,0
positive/469.jpg,1
negative/469.jpg,0
positive/470.jpg,1
negative/470.jpg,0
positive/471.jpg,1
negative/471.jpg,0
positive/472.jpg,1
negative/472.jpg,0
positive/473.jpg,1
negative/473.jpg,0
positive/474.jpg,1
negative/474.jpg,0
positive/475.jpg,1
negative/475.jpg,0
positive/476.jpg,1
negative/476.jpg,0
positive/477.jpg,1
negative/477.jpg,0
positive/478.jpg,1
negative/478.jpg,0
positive/479.jpg,1
negative/479.jpg,0
positive/480.jpg,1
negative/480.jpg,0
positive/481.jpg,1
negative/481.jpg,0
positive/482.jpg,1
negative/482.jpg,0
positive/483.jpg,1
negative/483.jpg,0
positive/484.jpg,1
negative/484.jpg,0
positive/485.jpg,1
negative/485.jpg,0
positive/486.jpg,1
negative/486.jpg,0
positive/487.jpg,1
negative/487.jpg,0
positive/488.jpg,1
negative/488.jpg,0
positive/489.jpg,1
negative/489.jpg,0
positive/490.jpg,1
negative/490.jpg,0
positive/491.jpg,1
negative/491.jpg,0
positive/492.jpg,1
negative/492.jpg,0
positive/493.jpg,1
negative/493.jpg,0
positive/494.jpg,1
negative/494.jpg,0
positive/495.jpg,1
negative/495.jpg,0
positive/496.jpg,1
negative/496.jpg,0
positive/497.jpg,1
negative/497.jpg,0
positive/498.jpg,1
negative/498.jpg,0
positive/499.jpg,1
negative/499.jpg,0
positive/500.jpg,1
negative/500.jpg,0
positive/501.jpg,1
negative/501.jpg,0
positive/502.jpg,1
negative/502.jpg,0
positive/503.jpg,1
negative/503.jpg,0
positive/504.jpg,1
negative/504.jpg,0
positive/505.jpg,1
negative/505.jpg,0
positive/506.jpg,1
negative/506.jpg,0
positive/507.jpg,1
negative/507.jpg,0
positive/508.jpg,1
negative/508.jpg,0
positive/509.jpg,1
negative/509.jpg,0
positive/510.jpg,1
negative/510.jpg,0
positive/511.jpg,1
negative/511.jpg,0
positive/512.jpg,1
negative/512.jpg,0
positive/513.jpg,1
negative/513.jpg,0
positive/514.jpg,1
negative/514.jpg,0
positive/515.jpg,1
negative/515.jpg,0
positive/516.jpg,1
negative/516.jpg,0
positive/517.jpg,1
negative/517.jpg,0
positive/518.jpg,1
negative/518.jpg,0
positive/519.jpg,1
negative/519.jpg,0
positive/520.jpg,1
negative/520.jpg,0
positive/521.jpg,1
negative/521.jpg,0
positive/522.jpg,1
negative/522.jpg,0
positive/523.jpg,1
negative/523.jpg,0
positive/524.jpg,1
negative/524.jpg,0
positive/525.jpg,1
negative/525.jpg,0
positive/526.jpg,1
negative/526.jpg,0
positive/527.jpg,1
negative/527.jpg,0
positive/528.jpg,1
negative/528.jpg,0
positive/529.jpg,1
negative/529.jpg,0
positive/530.jpg,1
negative/530.jpg,0
positive/531.jpg,1
negative/531.jpg,0
positive/532.jpg,1
negative/532.jpg,0
positive/533.jpg,1
negative/533.jpg,0
positive/534.jpg,1
negative/534.jpg,0
positive/535.jpg,1
negative/535.jpg,0
positive/536.jpg,1
negative/536.jpg,0
positive/537.jpg,1
negative/537.jpg,0
positive/538.jpg,1
negative/538.jpg,0
positive/539.jpg,1
negative/539.jpg,0
positive/540.jpg,1
negative/540.jpg,0
positive/541.jpg,1
negative/541.jpg,0
positive/542.jpg,1
negative/542.jpg,0
positive/543.jpg,1
negative/543.jpg,0
positive/544.jpg,1
negative/544.jpg,0
positive/545.jpg,1
negative/545.jpg,0
positive/546.jpg,1
negative/546.jpg,0
positive/547.jpg,1
negative/547.jpg,0
positive/548.jpg,1
negative/548.jpg,0
positive/549.jpg,1
negative/549.jpg,0
positive/550.jpg,1
negative/550.jpg,0
positive/551.jpg,1
negative/551.jpg,0
positive/552.jpg,1
negative/552.jpg,0
positive/553.jpg,1
negative/553.jpg,0
positive/554.jpg,1
negative/554.jpg,0
positive/555.jpg,1
negative/555.jpg,0
positive/556.jpg,1
negative/556.jpg,0
positive/557.jpg,1
negative/557.jpg,0
positive/558.jpg,1
negative/558.jpg,0
positive/559.jpg,1
negative/559.jpg,0
positive/560.jpg,1
negative/560.jpg,0
positive/561.jpg,1
negative/561.jpg,0
positive/562.jpg,1
negative/562.jpg,0
positive/563.jpg,1
negative/563.jpg,0
positive/564.jpg,1
negative/564.jpg,0
positive/565.jpg,1
negative/565.jpg,0
positive/566.jpg,1
negative/566.jpg,0
positive/567.jpg,1
negative/567.jpg,0
positive/568.jpg,1
negative/568.jpg,0
positive/569.jpg,1
negative/569.jpg,0
positive/570.jpg,1
negative/570.jpg,0
positive/571.jpg,1
negative/571.jpg,0
positive/572.jpg,1
negative/572.jpg,0
positive/573.jpg,1
negative/573.jpg,0
positive/574.jpg,1
negative/574.jpg,0
positive/575.jpg,1
negative/575.jpg,0
positive/576.jpg,1
negative/576.jpg,0
positive/577.jpg,1
negative/577.jpg,0
positive/578.jpg,1
negative/578.jpg,0
positive/579.jpg,1
negative/579.jpg,0
positive/580.jpg,1
negative/580.jpg,0
positive/581.jpg,1
negative/581.jpg,0
positive/582.jpg,1
negative/582.jpg,0
positive/583.jpg,1
negative/583.jpg,0
positive/584.jpg,1
negative/584.jpg,0
positive/585.jpg,1
negative/585.jpg,0
positive/586.jpg,1
negative/586.jpg,0
positive/587.jpg,1
negative/587.jpg,0
positive/588.jpg,1
negative/588.jpg,0
positive/589.jpg,1
negative/589.jpg,0
positive/590.jpg,1
negative/590.jpg,0
positive/591.jpg,1
negative/591.jpg,0
positive/592.jpg,1
negative/592.jpg,0
positive/593.jpg,1
negative/593.jpg,0
positive/594.jpg,1
negative/594.jpg,0
positive/595.jpg,1
negative/595.jpg,0
positive/596.jpg,1
negative/596.jpg,0
positive/597.jpg,1
negative/597.jpg,0
positive/598.jpg,1
negative/598.jpg,0
positive/599.jpg,1
negative/599.jpg,0
positive/600.jpg,1
negative/600.jpg,0
positive/601.jpg,1
negative/601.jpg,0
positive/602.jpg,1
negative/602.jpg,0
positive/603.jpg,1
negative/603.jpg,0
positive/604.jpg,1
negative/604.jpg,0
positive/605.jpg,1
negative/605.jpg,0
positive/606.jpg,1
negative/606.jpg,0
positive/607.jpg,1
negative/607.jpg,0
positive/608.jpg,1
negative/608.jpg,0
positive/609.jpg,1
negative/609.jpg,0
positive/610.jpg,1
negative/610.jpg,0
positive/611.jpg,1
negative/611.jpg,0
positive/612.jpg,1
negative/612.jpg,0
positive/613.jpg,1
negative/613.jpg,0
positive/614.jpg,1
negative/614.jpg,0
positive/615.jpg,1
negative/615.jpg,0
positive/616.jpg,1
negative/616.jpg,0
positive/617.jpg,1
negative/617.jpg,0
positive/618.jpg,1
negative/618.jpg,0
positive/619.jpg,1
negative/619.jpg,0
positive/620.jpg,1
negative/620.jpg,0
positive/621.jpg,1
negative/621.jpg,0
positive/622.jpg,1
negative/622.jpg,0
positive/623.jpg,1
negative/623.jpg,0
positive/624.jpg,1
negative/624.jpg,0
positive/625.jpg,1
negative/625.jpg,0
positive/626.jpg,1
negative/626.jpg,0
positive/627.jpg,1
negative/627.jpg,0
positive/628.jpg,1
negative/628.jpg,0
positive/629.jpg,1
negative/629.jpg,0
positive/630.jpg,1
negative/630.jpg,0
positive/631.jpg,1
negative/631.jpg,0
positive/632.jpg,1
negative/632.jpg,0
positive/633.jpg,1
negative/633.jpg,0
positive/634.jpg,1
negative/634.jpg,0
positive/635.jpg,1
negative/635.jpg,0
positive/636.jpg,1
negative/636.jpg,0
positive/637.jpg,1
negative/637.jpg,0
positive/638.jpg,1
negative/638.jpg,0
positive/639.jpg,1
negative/639.jpg,0
positive/640.jpg,1
negative/640.jpg,0
positive/641.jpg,1
negative/641.jpg,0
positive/642.jpg,1
negative/642.jpg,0
positive/643.jpg,1
negative/643.jpg,0
positive/644.jpg,1
negative/644.jpg,0
positive/645.jpg,1
negative/645.jpg,0
positive/646.jpg,1
negative/646.jpg,0
positive/647.jpg,1
negative/647.jpg,0
positive/648.jpg,1
negative/648.jpg,0
positive/649.jpg,1
negative/649.jpg,0
positive/650.jpg,1
negative/650.jpg,0
positive/651.jpg,1
negative/651.jpg,0
positive/652.jpg,1
negative/652.jpg,0
positive/653.jpg,1
negative/653.jpg,0
positive/654.jpg,1
negative/654.jpg,0
positive/655.jpg,1
negative/655.jpg,0
positive/656.jpg,1
negative/656.jpg,0
positive/657.jpg,1
negative/657.jpg,0
positive/658.jpg,1
negative/658.jpg,0
positive/659.jpg,1
negative/659.jpg,0
positive/660.jpg,1
negative/660.jpg,0
positive/661.jpg,1
negative/661.jpg,0
positive/662.jpg,1
negative/662.jpg,0
positive/663.jpg,1
negative/663.jpg,0
positive/664.jpg,1
negative/664.jpg,0
positive/665.jpg,1
negative/665.jpg,0
positive/666.jpg,1
negative/666.jpg,0
positive/667.jpg,1
negative/667.jpg,0
positive/668.jpg,1
negative/668.jpg,0
positive/669.jpg,1
negative/669.jpg,0
positive/670.jpg,1
negative/670.jpg,0
positive/671.jpg,1
negative/671.jpg,0
positive/672.jpg,1
negative/672.jpg,0
positive/673.jpg,1
negative/673.jpg,0
positive/674.jpg,1
negative/674.jpg,0
positive/675.jpg,1
negative/675.jpg,0
positive/676.jpg,1
negative/676.jpg,0
positive/677.jpg,1
negative/677.jpg,0
positive/678.jpg,1
negative/678.jpg,0
positive/679.jpg,1
negative/679.jpg,0
positive/680.jpg,1
negative/680.jpg,0
positive/681.jpg,1
negative/681.jpg,0
positive/682.jpg,1
negative/682.jpg,0
positive/683.jpg,1
negative/683.jpg,0
positive/684.jpg,1
negative/684.jpg,0
positive/685.jpg,1
negative/685.jpg,0
positive/686.jpg,1
negative/686.jpg,0
positive/687.jpg,1
negative/687.jpg,0
positive/688.jpg,1
negative/688.jpg,0
positive/689.jpg,1
negative/689.jpg,0
positive/690.jpg,1
negative/690.jpg,0
positive/691.jpg,1
negative/691.jpg,0
positive/692.jpg,1
negative/692.jpg,0
positive/693.jpg,1
negative/693.jpg,0
positive/694.jpg,1
negative/694.jpg,0
positive/695.jpg,1
negative/695.jpg,0
positive/696.jpg,1
negative/696.jpg,0
positive/697.jpg,1
negative/697.jpg,0
positive/698.jpg,1
negative/698.jpg,0
positive/699.jpg,1
negative/699.jpg,0
positive/700.jpg,1
negative/700.jpg,0
positive/701.jpg,1
negative/701.jpg,0
positive/702.jpg,1
negative/702.jpg,0
positive/703.jpg,1
negative/703.jpg,0
positive/704.jpg,1
negative/704.jpg,0
positive/705.jpg,1
negative/705.jpg,0
positive/706.jpg,1
negative/706.jpg,0
positive/707.jpg,1
negative/707.jpg,0
positive/708.jpg,1
negative/708.jpg,0
positive/709.jpg,1
negative/709.jpg,0
positive/710.jpg,1
negative/710.jpg,0
positive/711.jpg,1
negative/711.jpg,0
positive/712.jpg,1
negative/712.jpg,0
positive/713.jpg,1
negative/713.jpg,0
positive/714.jpg,1
negative/714.jpg,0
positive/715.jpg,1
negative/715.jpg,0
positive/716.jpg,1
negative/716.jpg,0
positive/717.jpg,1
negative/717.jpg,0
positive/718.jpg,1
negative/718.jpg,0
positive/719.jpg,1
negative/719.jpg,0
positive/720.jpg,1
negative/720.jpg,0
positive/721.jpg,1
negative/721.jpg,0
positive/722.jpg,1
negative/722.jpg,0
positive/723.jpg,1
negative/723.jpg,0
positive/724.jpg,1
negative/724.jpg,0
positive/725.jpg,1
negative/725.jpg,0
positive/726.jpg,1
negative/726.jpg,0
positive/727.jpg,1
negative/727.jpg,0
positive/728.jpg,1
negative/728.jpg,0
positive/729.jpg,1
negative/729.jpg,0
positive/730.jpg,1
negative/730.jpg,0
positive/731.jpg,1
negative/731.jpg,0
positive/732.jpg,1
negative/732.jpg,0
positive/733.jpg,1
negative/733.jpg,0
positive/734.jpg,1
negative/734.jpg,0
positive/735.jpg,1
negative/735.jpg,0
positive/736.jpg,1
negative/736.jpg,0
positive/737.jpg,1
negative/737.jpg,0
positive/738.jpg,1
negative/738.jpg,0
positive/739.jpg,1
negative/739.jpg,0
positive/740.jpg,1
negative/740.jpg,0
positive/741.jpg,1
negative/741.jpg,0
positive/742.jpg,1
negative/742.jpg,0
positive/743.jpg,1
negative/743.jpg,0
positive/744.jpg,1
negative/744.jpg,0
positive/745.jpg,1
negative/745.jpg,0
positive/746.jpg,1
negative/746.jpg,0
positive/747.jpg,1
negative/747.jpg,0
positive/748.jpg,1
negative/748.jpg,0
positive/749.jpg,1
negative/749.jpg,0
positive/750.jpg,1
negative/750.jpg,0
positive/751.jpg,1
negative/751.jpg,0
positive/752.jpg,1
negative/752.jpg,0
positive/753.jpg,1
negative/753.jpg,0
positive/754.jpg,1
negative/754.jpg,0
positive/755.jpg,1
negative/755.jpg,0
positive/756.jpg,1
negative/756.jpg,0
positive/757.jpg,1
negative/757.jpg,0
positive/758.jpg,1
negative/758.jpg,0
positive/759.jpg,1
negative/759.jpg,0
positive/760.jpg,1
negative/760.jpg,0
positive/761.jpg,1
negative/761.jpg,0
positive/762.jpg,1
negative/762.jpg,0
positive/763.jpg,1
negative/763.jpg,0
positive/764.jpg,1
negative/764.jpg,0
positive/765.jpg,1
negative/765.jpg,0
positive/766.jpg,1
negative/766.jpg,0
positive/767.jpg,1
negative/767.jpg,0
positive/768.jpg,1
negative/768.jpg,0
positive/769.jpg,1
negative/769.jpg,0
positive/770.jpg,1
negative/770.jpg,0
positive/771.jpg,1
negative/771.jpg,0
positive/772.jpg,1
negative/772.jpg,0
positive/773.jpg,1
negative/773.jpg,0
positive/774.jpg,1
negative/774.jpg,0
positive/775.jpg,1
negative/775.jpg,0
positive/776.jpg,1
negative/776.jpg,0
positive/777.jpg,1
negative/777.jpg,0
positive/778.jpg,1
negative/778.jpg,0
positive/779.jpg,1
negative/779.jpg,0
positive/780.jpg,1
negative/780.jpg,0
positive/781.jpg,1
negative/781.jpg,0
positive/782.jpg,1
negative/782.jpg,0
positive/783.jpg,1
negative/783.jpg,0
positive/784.jpg,1
negative/784.jpg,0
positive/785.jpg,1
negative/785.jpg,0
positive/786.jpg,1
negative/786.jpg,0
positive/787.jpg,1
negative/787.jpg,0
positive/788.jpg,1
negative/788.jpg,0
positive/789.jpg,1
negative/789.jpg,0
positive/790.jpg,1
negative/790.jpg,0
positive/791.jpg,1
negative/791.jpg,0
positive/792.jpg,1
negative/792.jpg,0
positive/793.jpg,1
negative/793.jpg,0
positive/794.jpg,1
negative/794.jpg,0
positive/795.jpg,1
negative/795.jpg,0
positive/796.jpg,1
negative/796.jpg,0
positive/797.jpg,1
negative/797.jpg,0
positive/798.jpg,1
negative/798.jpg,0
positive/799.jpg,1
negative/799.jpg,0
positive/800.jpg,1
negative/800.jpg,0
positive/801.jpg,1
negative/801.jpg,0
positive/802.jpg,1
negative/802.jpg,0
positive/803.jpg,1
negative/803.jpg,0
positive/804.jpg,1
negative/804.jpg,0
positive/805.jpg,1
negative/805.jpg,0
positive/806.jpg,1
negative/806.jpg,0
positive/807.jpg,1
negative/807.jpg,0
positive/808.jpg,1
negative/808.jpg,0
positive/809.jpg,1
negative/809.jpg,0
positive/810.jpg,1
negative/810.jpg,0
positive/811.jpg,1
negative/811.jpg,0
positive/812.jpg,1
negative/812.jpg,0
positive/813.jpg,1
negative/813.jpg,0
positive/814.jpg,1
negative/814.jpg,0
positive/815.jpg,1
negative/815.jpg,0
positive/816.jpg,1
negative/816.jpg,0
positive/817.jpg,1
negative/817.jpg,0
positive/818.jpg,1
negative/818.jpg,0
positive/819.jpg,1
negative/819.jpg,0
positive/820.jpg,1
negative/820.jpg,0
positive/821.jpg,1
negative/821.jpg,0
positive/822.jpg,1
negative/822.jpg,0
positive/823.jpg,1
negative/823.jpg,0
positive/824.jpg,1
negative/824.jpg,0
positive/825.jpg,1
negative/825.jpg,0
positive/826.jpg,1
negative/826.jpg,0
positive/827.jpg,1
negative/827.jpg,0
positive/828.jpg,1
negative/828.jpg,0
positive/829.jpg,1
negative/829.jpg,0
positive/830.jpg,1
negative/830.jpg,0
positive/831.jpg,1
negative/831.jpg,0
positive/832.jpg,1
negative/832.jpg,0
positive/833.jpg,1
negative/833.jpg,0
positive/834.jpg,1
negative/834.jpg,0
positive/835.jpg,1
negative/835.jpg,0
positive/836.jpg,1
negative/836.jpg,0
positive/837.jpg,1
negative/837.jpg,0
positive/838.jpg,1
negative/838.jpg,0
positive/839.jpg,1
negative/839.jpg,0
positive/840.jpg,1
negative/840.jpg,0
positive/841.jpg,1
negative/841.jpg,0
positive/842.jpg,1
negative/842.jpg,0
positive/843.jpg,1
negative/843.jpg,0
positive/844.jpg,1
negative/844.jpg,0
positive/845.jpg,1
negative/845.jpg,0
positive/846.jpg,1
negative/846.jpg,0
positive/847.jpg,1
negative/847.jpg,0
positive/848.jpg,1
negative/848.jpg,0
positive/849.jpg,1
negative/849.jpg,0
positive/850.jpg,1
negative/850.jpg,0
positive/851.jpg,1
negative/851.jpg,0
positive/852.jpg,1
negative/852.jpg,0
positive/853.jpg,1
negative/853.jpg,0
positive/854.jpg,1
negative/854.jpg,0
positive/855.jpg,1
negative/855.jpg,0
positive/856.jpg,1
negative/856.jpg,0
positive/857.jpg,1
negative/857.jpg,0
positive/858.jpg,1
negative/858.jpg,0
positive/859.jpg,1
negative/859.jpg,0
positive/860.jpg,1
negative/860.jpg,0
positive/861.jpg,1
negative/861.jpg,0
positive/862.jpg,1
negative/862.jpg,0
positive/863.jpg,1
negative/863.jpg,0
positive/864.jpg,1
negative/864.jpg,0
positive/865.jpg,1
negative/865.jpg,0
positive/866.jpg,1
negative/866.jpg,0
positive/867.jpg,1
negative/867.jpg,0
positive/868.jpg,1
negative/868.jpg,0
positive/869.jpg,1
negative/869.jpg,0
positive/870.jpg,1
negative/870.jpg,0
positive/871.jpg,1
negative/871.jpg,0
positive/872.jpg,1
negative/872.jpg,0
positive/873.jpg,1
negative/873.jpg,0
positive/874.jpg,1
negative/874.jpg,0
positive/875.jpg,1
negative/875.jpg,0
positive/876.jpg,1
negative/876.jpg,0
positive/877.jpg,1
negative/877.jpg,0
positive/878.jpg,1
negative/878.jpg,0
positive/879.jpg,1
negative/879.jpg,0
positive/880.jpg,1
negative/880.jpg,0
positive/881.jpg,1
negative/881.jpg,0
positive/882.jpg,1
negative/882.jpg,0
positive/883.jpg,1
negative/883.jpg,0
positive/884.jpg,1
negative/884.jpg,0
positive/885.jpg,1
negative/885.jpg,0
positive/886.jpg,1
negative/886.jpg,0
positive/887.jpg,1
negative/887.jpg,0
positive/888.jpg,1
negative/888.jpg,0
positive/889.jpg,1
negative/889.jpg,0
positive/890.jpg,1
negative/890.jpg,0
positive/891.jpg,1
negative/891.jpg,0
positive/892.jpg,1
negative/892.jpg,0
positive/893.jpg,1
negative/893.jpg,0
positive/894.jpg,1
negative/894.jpg,0
positive/895.jpg,1
negative/895.jpg,0
positive/896.jpg,1
negative/896.jpg,0
positive/897.jpg,1
negative/897.jpg,0
positive/898.jpg,1
negative/898.jpg,0
positive/899.jpg,1
negative/899.jpg,0
positive/900.jpg,1
negative/900.jpg,0
positive/901.jpg,1
negative/901.jpg,0
positive/902.jpg,1
negative/902.jpg,0
positive/903.jpg,1
negative/903.jpg,0
positive/904.jpg,1
negative/904.jpg,0
positive/905.jpg,1
negative/905.jpg,0
positive/906.jpg,1
negative/906.jpg,0
positive/907.jpg,1
negative/907.jpg,0
positive/908.jpg,1
negative/908.jpg,0
positive/909.jpg,1
negative/909.jpg,0
positive/910.jpg,1
negative/910.jpg,0
positive/911.jpg,1
negative/911.jpg,0
positive/912.jpg,1
negative/912.jpg,0
positive/913.jpg,1
negative/913.jpg,0
positive/914.jpg,1
negative/914.jpg,0
positive/915.jpg,1
negative/915.jpg,0
positive/916.jpg,1
negative/916.jpg,0
positive/917.jpg,1
negative/917.jpg,0
positive/918.jpg,1
negative/918.jpg,0
positive/919.jpg,1
negative/919.jpg,0
positive/920.jpg,1
negative/920.jpg,0
positive/921.jpg,1
negative/921.jpg,0
positive/922.jpg,1
negative/922.jpg,0
positive/923.jpg,1
negative/923.jpg,0
positive/924.jpg,1
negative/924.jpg,0
positive/925.jpg,1
negative/925.jpg,0
positive/926.jpg,1
negative/926.jpg,0
positive/927.jpg,1
negative/927.jpg,0
positive/928.jpg,1
negative/928.jpg,0
positive/929.jpg,1
negative/929.jpg,0
positive/930.jpg,1
negative/930.jpg,0
positive/931.jpg,1
negative/931.jpg,0
positive/932.jpg,1
negative/932.jpg,0
positive/933.jpg,1
negative/933.jpg,0
positive/934.jpg,1
negative/934.jpg,0
positive/935.jpg,1
negative/935.jpg,0
positive/936.jpg,1
negative/936.jpg,0
positive/937.jpg,1
negative/937.jpg,0
positive/938.jpg,1
negative/938.jpg,0
positive/939.jpg,1
negative/939.jpg,0
positive/940.jpg,1
negative/940.jpg,0
positive/941.jpg,1
negative/941.jpg,0
positive/942.jpg,1
negative/942.jpg,0
positive/943.jpg,1
negative/943.jpg,0
positive/944.jpg,1
negative/944.jpg,0
positive/945.jpg,1
negative/945.jpg,0
positive/946.jpg,1
negative/946.jpg,0
positive/947.jpg,1
negative/947.jpg,0
positive/948.jpg,1
negative/948.jpg,0
positive/949.jpg,1
negative/949.jpg,0
positive/950.jpg,1
negative/950.jpg,0
positive/951.jpg,1
negative/951.jpg,0
positive/952.jpg,1
negative/952.jpg,0
positive/953.jpg,1
negative/953.jpg,0
positive/954.jpg,1
negative/954.jpg,0
positive/955.jpg,1
negative/955.jpg,0
positive/956.jpg,1
negative/956.jpg,0
positive/957.jpg,1
negative/957.jpg,0
positive/958.jpg,1
negative/958.jpg,0
positive/959.jpg,1
negative/959.jpg,0
positive/960.jpg,1
negative/960.jpg,0
positive/961.jpg,1
negative/961.jpg,0
positive/962.jpg,1
negative/962.jpg,0
positive/963.jpg,1
negative/963.jpg,0
positive/964.jpg,1
negative/964.jpg,0
positive/965.jpg,1
negative/965.jpg,0
positive/966.jpg,1
negative/966.jpg,0
positive/967.jpg,1
negative/967.jpg,0
positive/968.jpg,1
negative/968.jpg,0
positive/969.jpg,1
negative/969.jpg,0
positive/970.jpg,1
negative/970.jpg,0
positive/971.jpg,1
negative/971.jpg,0
positive/972.jpg,1
negative/972.jpg,0
positive/973.jpg,1
negative/973.jpg,0
positive/974.jpg,1
negative/974.jpg,0
positive/975.jpg,1
negative/975.jpg,0
positive/976.jpg,1
negative/976.jpg,0
positive/977.jpg,1
negative/977.jpg,0
positive/978.jpg,1
negative/978.jpg,0
positive/979.jpg,1
negative/979.jpg,0
positive/980.jpg,1
negative/980.jpg,0
positive/981.jpg,1
negative/981.jpg,0
positive/982.jpg,1
negative/982.jpg,0
positive/983.jpg,1
negative/983.jpg,0
positive/984.jpg,1
negative/984.jpg,0
positive/985.jpg,1
negative/985.jpg,0
positive/986.jpg,1
negative/986.jpg,0
positive/987.jpg,1
negative/987.jpg,0
positive/988.jpg,1
negative/988.jpg,0
positive/989.jpg,1
negative/989.jpg,0
positive/990.jpg,1
negative/990.jpg,0
positive/991.jpg,1
negative/991.jpg,0
positive/992.jpg,1
negative/992.jpg,0
positive/993.jpg,1
negative/993.jpg,0
positive/994.jpg,1
negative/994.jpg,0
positive/995.jpg,1
negative/995.jpg,0
positive/996.jpg,1
negative/996.jpg,0
positive/997.jpg,1
negative/997.jpg,0
positive/998.jpg,1
negative/998.jpg,0
positive/999.jpg,1
negative/999.jpg,0
